Titulo,Precio Original,Precio Final con Descuento
Enshrouded,$14.99,$13.49
Dead by Daylight,$10.49,$4.19
Poppy Playtime - Chapter 3,$7.99,$5.27
FINAL FANTASY I-VI Bundle,$74.94,$46.76
The Callisto Protocol™,$26.99,$8.09
Forza Horizon 5,$32.78,$16.39
Grand Theft Auto V,$49.97,$16.50
Grand Theft Auto V: Premium Edition & Great White Shark Card Bundle,$49.97,$16.50
Dead Space,$59.99,$23.99
Palworld - Game + Soundtrack Bundle,$18.58,$17.65
Hi-Fi RUSH,$17.99,$11.69
The Elder Scrolls V: Skyrim Special Edition,$23.99,$5.99
Halo: The Master Chief Collection,$39.99,$9.99
The Elder Scrolls V: Skyrim Anniversary Edition,$29.99,$9.89
theHunter: Call of the Wild™,$10.49,$3.14
Fallout 4: Game of the Year Edition,$23.99,$5.99
Fallout 76,$23.99,$5.99
Tomb Raider Definitive Survivor Trilogy,"",""
Pizza Tower,$10.49,$7.02
Hell Let Loose,$29.99,$19.49
Sonic Frontiers,$59.99,$23.99
Ori: The Collection,$49.98,$13.39
Metro Exodus,$22.99,$4.59
Fallout 4,$11.99,$3.95
Assetto Corsa Competizione,$18.99,$5.69
Forza Horizon 4,$19.99,$6.59
Escape the Backrooms,$5.79,$4.63
"Warhammer 40,000: Inquisitor - Martyr",$22.99,$4.59
FINAL FANTASY VI,$13.99,$11.19
"Warhammer 40,000: Darktide",$24.99,$16.24
GUILTY GEAR -STRIVE-,$19.99,$9.99
Metro Saga Bundle,$64.46,$6.89
SnowRunner,$18.99,$9.49
Shadow of the Tomb Raider: Definitive Edition,$44.96,$4.95
FINAL FANTASY V,$13.99,$11.19
The Outlast Trials,$14.99,$11.24
FINAL FANTASY IV,$13.99,$11.19
FINAL FANTASY III,$13.99,$11.19
Kingdom Come: Deliverance,$22.99,$4.59
Rise of the Tomb Raider™,$14.99,$2.99
Contraband Police,$10.49,$7.86
Sifu,$18.99,$9.49
SONIC SUPERSTARS,$59.99,$29.99
Ori and the Will of the Wisps,$29.99,$9.89
Skyrim Anniversary Edition + Fallout 4 G.O.T.Y Bundle,$53.98,$13.97
Kenshi,$14.99,$6.74
Grounded,$39.99,$26.79
theHunter: Call of the Wild™ - Master Hunter Bundle,$40.90,$11.41
DREDGE,$12.49,$8.74
V Rising,$10.49,$8.39
Enshrouded,$14.99,$13.49
Dead by Daylight,$10.49,$4.19
Poppy Playtime - Chapter 3,$7.99,$5.27
FINAL FANTASY I-VI Bundle,$74.94,$46.76
The Callisto Protocol™,$26.99,$8.09
Forza Horizon 5,$32.78,$16.39
Grand Theft Auto V,$49.97,$16.50
Grand Theft Auto V: Premium Edition & Great White Shark Card Bundle,$49.97,$16.50
Dead Space,$59.99,$23.99
Palworld - Game + Soundtrack Bundle,$18.58,$17.65
Hi-Fi RUSH,$17.99,$11.69
The Elder Scrolls V: Skyrim Special Edition,$23.99,$5.99
Halo: The Master Chief Collection,$39.99,$9.99
The Elder Scrolls V: Skyrim Anniversary Edition,$29.99,$9.89
theHunter: Call of the Wild™,$10.49,$3.14
Fallout 4: Game of the Year Edition,$23.99,$5.99
Fallout 76,$23.99,$5.99
Tomb Raider Definitive Survivor Trilogy,"",""
Pizza Tower,$10.49,$7.02
Hell Let Loose,$29.99,$19.49
Sonic Frontiers,$59.99,$23.99
Ori: The Collection,$49.98,$13.39
Metro Exodus,$22.99,$4.59
Fallout 4,$11.99,$3.95
Assetto Corsa Competizione,$18.99,$5.69
Forza Horizon 4,$19.99,$6.59
Escape the Backrooms,$5.79,$4.63
"Warhammer 40,000: Inquisitor - Martyr",$22.99,$4.59
FINAL FANTASY VI,$13.99,$11.19
"Warhammer 40,000: Darktide",$24.99,$16.24
GUILTY GEAR -STRIVE-,$19.99,$9.99
Metro Saga Bundle,$64.46,$6.89
SnowRunner,$18.99,$9.49
Shadow of the Tomb Raider: Definitive Edition,$44.96,$4.95
FINAL FANTASY V,$13.99,$11.19
The Outlast Trials,$14.99,$11.24
FINAL FANTASY IV,$13.99,$11.19
FINAL FANTASY III,$13.99,$11.19
Kingdom Come: Deliverance,$22.99,$4.59
Uninitialized,"",""
Rise of the Tomb Raider™,$14.99,$2.99
Contraband Police,$10.49,$7.86
Sifu,$18.99,$9.49
SONIC SUPERSTARS,$59.99,$29.99
Ori and the Will of the Wisps,$29.99,$9.89
Skyrim Anniversary Edition + Fallout 4 G.O.T.Y Bundle,$53.98,$13.97
Kenshi,$14.99,$6.74
Grounded,$39.99,$26.79
theHunter: Call of the Wild™ - Master Hunter Bundle,$40.90,$11.41
DREDGE,$12.49,$8.74
